"count","query","infractions__status","infractions__severity","infractions__title","infractions__coals__001","infractions__coals__002","infractions__coals__003","infractions__coals__004","infractions__coals__005","infractions__date","infractions__name"
"341","status:open","open","2.0","Unauthorized access to cookie jar","1","1","","","","2017-04-22T23:10:07","Shaun Low"
"","","open","5.0","Throwing rocks (non-person target)","1","1","1","1","1","2017-12-21T21:14:56","Grace Cruz"
"","","open","3.0","Talking back to parents or other adults","1","1","1","","","2017-10-19T12:57:09","Paul Newton"
"","","open","4.0","Anti-social behavior (unspecified)","1","1","1","1","","2017-01-04T08:06:24","Tina Humphrey"
"","","open","4.0","Computer infraction: Accessing siblings files without permission","1","1","1","1","","2017-02-27T00:08:33","Karl Burnett"
"","","open","2.0","Bedtime violation","1","1","","","","2017-10-22T22:49:33","Rex Larson"
"","","open","3.0","Tantrum in a private facility","1","1","1","","","2017-12-18T12:45:51","Gareth Patel"
"","","open","2.0","Aiding and abetting / accessory to another child's infraction","1","1","","","","2017-04-13T04:19:08","Claire Gurung"
"","","open","3.0","Tantrum in a private facility","1","1","1","","","2017-11-17T02:01:38","Marion Manning"
"","","open","2.0","Unauthorized access to cookie jar","1","1","","","","2017-07-02T20:53:04","Lance Montoya"
"","","open","4.0","Giving super atomic wedgies","1","1","1","1","","2017-12-15T12:17:03","Nate Bowers"
"","","open","3.0","Aggravated pulling of hair","1","1","1","","","2017-09-12T04:30:32","Carla Buchanan"
"","","open","4.0","Possession of unlicensed slingshot","1","1","1","1","","2017-11-01T15:51:16","Edwin Pandey"
"","","open","3.0","Aggravated pulling of hair","1","1","1","","","2017-01-05T08:36:11","Manuel Graham"
"","","open","1.0","Talking back to parents or other adults","1","","","","","2017-05-22T03:10:48","Patricia Guy"
"","","open","3.0","Playing ball in house","1","1","1","","","2017-03-23T16:55:20","Cindy Patrick"
"","","open","5.0","Computer infraction: Accessing siblings files without permission","1","1","1","1","1","2017-11-09T09:01:41","Heidi Diaz"
"","","open","5.0","Throwing rocks (non-person target)","1","1","1","1","1","2017-10-25T00:46:18","Doreen Adam"
"","","open","3.0","Playing ball in house","1","1","1","","","2017-08-15T12:15:01","Greg Benson"
"","","open","3.0","Crayon on walls","1","1","1","","","2017-09-13T22:05:49","Craig John"
"","","open","2.0","Unauthorized access to cookie jar","1","1","","","","2017-10-13T23:30:45","Gwen Hanson"
"","","open","3.0","Petty candy larceny","1","1","1","","","2017-07-02T10:39:21","Ivy Lai"
"","","open","3.0","Computer infraction: Bypassing parental controls","1","1","1","","","2017-04-16T13:00:48","Lance Dee"
"","","open","3.0","Throwing rocks (non-person target)","1","1","1","","","2017-08-28T02:32:32","David Ballard"
"","","open","5.0","Naughty words","1","1","1","1","1","2017-06-16T01:43:50","Norma Moran"
"","","open","3.0","Tantrum in a private facility","1","1","1","","","2017-08-06T07:02:47","Johan Oconnor"
"","","open","5.0","Playing with matches","1","1","1","1","1","2017-06-14T18:10:55","Ted Gould"
"","","open","2.0","Failure to feed a family pet","1","1","","","","2017-06-21T21:27:34","Logan Harmon"
"","","open","2.0","Petty candy larceny","1","1","","","","2017-05-20T11:00:21","Sofia Cortez"
"","","open","3.0","Computer infraction: Bypassing parental controls","1","1","1","","","2017-10-25T14:46:03","Ray Sharma"
"","","open","3.0","Playing ball in house","1","1","1","","","2017-06-25T18:08:48","Marian Kent"
"","","open","3.0","Anti-social behavior (unspecified)","1","1","1","","","2017-07-23T01:56:18","Bonnie Maher"
"","","open","3.0","Playing ball in house","1","1","1","","","2017-08-22T05:48:12","Betsy Carr"
"","","open","1.0","Failure to feed a family pet","1","","","","","2017-07-15T10:21:58","Marc Michael"
"","","open","4.0","Naughty words","1","1","1","1","","2017-10-01T03:01:12","Susan Garcia"
"","","open","3.0","Computer infraction: Bypassing parental controls","1","1","1","","","2017-09-12T15:58:37","Marian Kent"
"","","open","4.0","Anti-social behavior (unspecified)","1","1","1","1","","2017-05-16T03:00:54","Mel Chandler"
"","","open","5.0","Aiding and abetting / accessory to another child's infraction","1","1","1","1","1","2017-11-25T17:13:04","Sandra Osborne"
"","","open","5.0","Naughty words","1","1","1","1","1","2017-10-10T21:43:24","Juanita Burgess"
"","","open","2.0","Bedtime violation","1","1","","","","2017-07-23T02:14:06","Andrew Saeed"
"","","open","4.0","Crayon on walls","1","1","1","1","","2017-07-23T15:12:03","Monica Roy"
"","","open","3.0","Playing ball in house","1","1","1","","","2017-03-08T22:29:52","Vijay Robbins"
"","","open","1.0","Unauthorized access to cookie jar","1","","","","","2017-10-21T23:18:12","Seth Barr"
"","","open","3.0","Computer infraction: Bypassing parental controls","1","1","1","","","2017-01-23T10:45:58","Garry Tan"
"","","open","2.0","Playing ball in house","1","1","","","","2017-12-22T11:21:49","Gillian Fernandes"
"","","open","3.0","Talking back to parents or other adults","1","1","1","","","2017-10-10T18:06:50","Wanda Steele"
"","","open","1.0","Aiding and abetting / accessory to another child's infraction","1","","","","","2017-10-14T12:06:32","Lina Villa"
"","","open","4.0","Computer infraction: Accessing siblings files without permission","1","1","1","1","","2017-11-13T12:06:34","Silvia Muller"
"","","open","5.0","Tantrum in public","1","1","1","1","1","2017-06-07T20:26:06","Juanita Burgess"
"","","open","4.0","Computer infraction: Bypassing parental controls","1","1","1","1","","2017-05-13T04:08:14","Maggie Khan"
"","","open","2.0","Unauthorized access to cookie jar","1","1","","","","2017-05-18T05:27:25","Faith Harding"
"","","open","4.0","Tantrum in public","1","1","1","1","","2017-03-12T15:51:50","Grant Prakash"
"","","open","5.0","Throwing rocks (at people)","1","1","1","1","1","2017-04-04T00:02:41","Nancy Tan"
"","","open","3.0","Aiding and abetting / accessory to another child's infraction","1","1","1","","","2017-09-24T19:16:13","Aditya Perera"
"","","open","4.0","Crayon on walls","1","1","1","1","","2017-06-19T09:00:13","Katy Bond"
"","","open","4.0","Computer infraction: Bypassing parental controls","1","1","1","1","","2017-04-17T05:49:19","Trevor Clements"
"","","open","3.0","Computer infraction: Bypassing parental controls","1","1","1","","","2017-11-15T07:10:02","Miranda Samson"
"","","open","5.0","Naughty words","1","1","1","1","1","2017-11-15T10:55:32","Brooke Phillips"
"","","open","4.0","Tantrum in public","1","1","1","1","","2017-07-16T23:54:29","Lorena Lindsay"
"","","open","5.0","Naughty words","1","1","1","1","1","2017-09-15T21:33:46","Rana Abbott"
"","","open","4.0","Aggravated pulling of hair","1","1","1","1","","2017-07-13T18:54:47","Joy Chandler"
"","","open","4.0","Throwing rocks (non-person target)","1","1","1","1","","2017-12-25T04:41:44","Jackson Yee"
"","","open","3.0","Tantrum in public","1","1","1","","","2017-07-04T03:55:01","Raul Fraser"
"","","open","3.0","General sassing","1","1","1","","","2017-07-27T06:11:40","Camille Goel"
"","","open","4.0","Computer infraction: Accessing siblings files without permission","1","1","1","1","","2017-02-21T19:49:55","Lucas Daly"
"","","open","2.0","Unauthorized access to cookie jar","1","1","","","","2017-07-17T00:54:41","Charlotte Prasad"
"","","open","1.0","Failure to feed a family pet","1","","","","","2017-01-20T01:17:42","Jennifer Haddad"
"","","open","5.0","Computer infraction: Accessing siblings files without permission","1","1","1","1","1","2017-05-15T02:56:29","Vera Palmer"
"","","open","4.0","Naughty words","1","1","1","1","","2017-06-04T17:08:02","Sunil Oliver"
"","","open","4.0","Computer infraction: Bypassing parental controls","1","1","1","1","","2017-11-13T20:14:56","Leah Williams"
"","","open","2.0","General sassing","1","1","","","","2017-01-20T14:38:55","Amelia Saleh"
"","","open","5.0","Aiding and abetting / accessory to another child's infraction","1","1","1","1","1","2017-11-12T18:07:54","Harold Ayala"
"","","open","3.0","Computer infraction: Bypassing parental controls","1","1","1","","","2017-08-09T12:21:34","Amanda Dunn"
"","","open","1.0","Unauthorized access to cookie jar","1","","","","","2017-12-25T18:57:49","Monique Gillespie"
"","","open","3.0","Anti-social behavior (unspecified)","1","1","1","","","2017-09-20T23:29:51","Rex Larson"
"","","open","3.0","Failure to feed a family pet","1","1","1","","","2017-04-18T18:34:15","Jen Rodriguez"
"","","open","2.0","Failure to feed a family pet","1","1","","","","2017-04-19T21:10:13","Bernadette Holloway"
"","","open","2.0","Playing ball in house","1","1","","","","2017-11-20T07:43:33","Oliver Garza"
"","","open","2.0","General sassing","1","1","","","","2017-05-22T10:46:55","Bernadette Law"
"","","open","4.0","Tantrum in public","1","1","1","1","","2017-08-25T14:44:01","Ryan Fisher"
"","","open","1.0","Petty candy larceny","1","","","","","2017-05-21T22:13:48","Tom Reilly"
"","","open","3.0","Bedtime violation","1","1","1","","","2017-03-11T09:48:08","Mark Payne"
"","","open","3.0","Aggravated pulling of hair","1","1","1","","","2017-05-12T18:24:32","Neha Shaikh"
"","","open","3.0","Tantrum in a private facility","1","1","1","","","2017-05-28T17:22:23","Louie Rich"
"","","open","1.0","Unauthorized access to cookie jar","1","","","","","2017-05-22T05:08:12","Mary Hodge"
"","","open","2.0","Bedtime violation","1","1","","","","2017-04-08T17:56:29","Margie Hoffman"
"","","open","3.0","Petty candy larceny","1","1","1","","","2017-06-27T17:50:30","Richie Maria"
"","","open","4.0","Naughty words","1","1","1","1","","2017-03-23T05:37:37","Teddy Hobbs"
"","","open","2.0","Talking back to parents or other adults","1","1","","","","2017-01-27T14:08:13","Nadia Buchanan"
"","","open","4.0","Talking back to parents or other adults","1","1","1","1","","2017-04-09T13:36:33","Manish Jefferson"
"","","open","3.0","Tantrum in a private facility","1","1","1","","","2017-10-01T13:32:41","Josephine Howard"
"","","open","3.0","General sassing","1","1","1","","","2017-03-24T10:42:14","Vanessa Mcguire"
"","","open","4.0","Computer infraction: Accessing siblings files without permission","1","1","1","1","","2017-11-27T17:58:02","Katy Bond"
"","","open","4.0","Tantrum in public","1","1","1","1","","2017-08-26T07:42:09","Jill Calderon"
"","","open","3.0","Tantrum in public","1","1","1","","","2017-05-27T18:04:27","Dwayne Manuel"
"","","open","1.0","Aiding and abetting / accessory to another child's infraction","1","","","","","2017-11-25T18:48:29","Ray Sharma"
"","","open","3.0","Aggravated pulling of hair","1","1","1","","","2017-04-09T19:02:00","Deepak Obrien"
"","","open","4.0","Aiding and abetting / accessory to another child's infraction","1","1","1","1","","2017-11-02T08:11:48","Marissa Gabriel"
"","","open","4.0","Throwing rocks (non-person target)","1","1","1","1","","2017-01-20T11:55:24","Nicholas Thornton"
"","","open","5.0","Throwing rocks (at people)","1","1","1","1","1","2017-04-11T04:18:41","Lucas Daly"
"","","open","3.0","Tantrum in public","1","1","1","","","2017-07-24T17:20:07","Sheila Ann"
"","","open","4.0","Crayon on walls","1","1","1","1","","2017-02-18T14:22:41","Barb Sharma"
"","","open","4.0","Computer infraction: Accessing siblings files without permission","1","1","1","1","","2017-11-16T13:44:21","Alina Davis"
"","","open","3.0","Tantrum in a private facility","1","1","1","","","2017-12-09T12:30:17","Shelby Saunders"
"","","open","3.0","Playing ball in house","1","1","1","","","2017-06-10T14:37:21","Henry Turner"
"","","open","3.0","Throwing rocks (non-person target)","1","1","1","","","2017-02-18T05:04:03","Bernadette Law"
"","","open","2.0","Petty candy larceny","1","1","","","","2017-12-19T09:09:10","Mia Hartman"
"","","open","3.0","Tantrum in public","1","1","1","","","2017-08-27T14:22:19","Gwen Hanson"
"","","open","4.0","Possession of unlicensed slingshot","1","1","1","1","","2017-10-28T19:53:38","Missy Hewitt"
"","","open","1.0","Throwing rocks (non-person target)","1","","","","","2017-08-24T01:36:49","Marian Dalton"
"","","open","2.0","Unauthorized access to cookie jar","1","1","","","","2017-10-16T18:12:03","Amelia Mark"
"","","open","4.0","Anti-social behavior (unspecified)","1","1","1","1","","2017-04-25T04:46:44","Tina Humphrey"
"","","open","4.0","Anti-social behavior (unspecified)","1","1","1","1","","2017-01-02T04:10:06","Vera Harrington"
"","","open","4.0","Computer infraction: Bypassing parental controls","1","1","1","1","","2017-07-07T13:29:05","Anna Duncan"
"","","open","1.0","Petty candy larceny","1","","","","","2017-02-21T02:55:55","Margie Ferguson"
"","","open","5.0","Naughty words","1","1","1","1","1","2017-06-17T20:54:20","Ricky Aguilar"
"","","open","3.0","Petty candy larceny","1","1","1","","","2017-11-27T05:00:59","Evelyn Horn"
"","","open","2.0","Tantrum in a private facility","1","1","","","","2017-08-25T15:29:32","Jennifer Haddad"
"","","open","3.0","Computer infraction: Bypassing parental controls","1","1","1","","","2017-04-04T18:47:53","Lina Villa"
"","","open","2.0","General sassing","1","1","","","","2017-04-08T06:07:17","Mary Bee"
"","","open","2.0","Throwing rocks (non-person target)","1","1","","","","2017-10-25T05:26:17","Lucas Johnson"
"","","open","2.0","Unauthorized access to cookie jar","1","1","","","","2017-03-05T11:18:23","Praveen Armstrong"
"","","open","1.0","Failure to feed a family pet","1","","","","","2017-02-28T04:55:05","Mark Frank"
"","","open","3.0","Failure to feed a family pet","1","1","1","","","2017-12-04T16:36:06","Brendan Ibrahim"
"","","open","1.0","Playing ball in house","1","","","","","2017-11-08T22:28:26","Arthur Gray"
"","","open","4.0","Anti-social behavior (unspecified)","1","1","1","1","","2017-10-18T11:38:05","Bernadette Law"
"","","open","4.0","Computer infraction: Accessing siblings files without permission","1","1","1","1","","2017-03-19T12:45:48","Katrina Maria"
"","","open","3.0","Failure to feed a family pet","1","1","1","","","2017-12-25T21:52:42","Cj Landry"
"","","open","5.0","Naughty words","1","1","1","1","1","2017-08-12T12:35:22","Deepak Obrien"
"","","open","4.0","Tantrum in public","1","1","1","1","","2017-01-02T14:59:46","Jennifer Haddad"
"","","open","4.0","Anti-social behavior (unspecified)","1","1","1","1","","2017-02-06T02:03:34","Mohammed Prince"
"","","open","5.0","Playing with matches","1","1","1","1","1","2017-01-11T14:30:16","Keith Power"
"","","open","5.0","Giving super atomic wedgies","1","1","1","1","1","2017-05-21T08:56:25","Nina Fitzgerald"
"","","open","5.0","Giving super atomic wedgies","1","1","1","1","1","2017-07-06T17:29:09","Jason Santos"
"","","open","2.0","Petty candy larceny","1","1","","","","2017-04-04T14:19:11","Aditya Perera"
"","","open","4.0","Crayon on walls","1","1","1","1","","2017-03-21T00:30:53","Erin Tran"
"","","open","3.0","General sassing","1","1","1","","","2017-06-27T09:51:20","Karl Baldwin"
"","","open","2.0","Unauthorized access to cookie jar","1","1","","","","2017-08-25T01:06:23","Donald Jane"
"","","open","4.0","Talking back to parents or other adults","1","1","1","1","","2017-01-16T11:54:33","Oliver Pandey"
"","","open","2.0","Talking back to parents or other adults","1","1","","","","2017-08-21T00:21:04","Charlotte Rich"
"","","open","4.0","Naughty words","1","1","1","1","","2017-09-03T06:29:13","Anil Newman"
"","","open","5.0","Giving super atomic wedgies","1","1","1","1","1","2017-12-23T17:19:10","Lance Montoya"
"","","open","4.0","Playing with matches","1","1","1","1","","2017-05-18T21:57:39","Boq Questrian"
"","","open","2.0","Bedtime violation","1","1","","","","2017-12-08T07:02:36","Jeremiah Bradshaw"
"","","open","1.0","Unauthorized access to cookie jar","1","","","","","2017-05-20T19:51:18","Kris Thornton"
"","","open","4.0","Aggravated pulling of hair","1","1","1","1","","2017-01-26T21:54:56","Beverly Khalil"
"","","open","4.0","Anti-social behavior (unspecified)","1","1","1","1","","2017-08-23T18:32:11","Amr Rivas"
"","","open","3.0","Crayon on walls","1","1","1","","","2017-07-01T20:03:36","Wanda Gurung"
"","","open","4.0","Computer infraction: Bypassing parental controls","1","1","1","1","","2017-01-11T15:26:34","Rex Fischer"
"","","open","2.0","Unauthorized access to cookie jar","1","1","","","","2017-02-25T22:22:06","Stephen Parks"
"","","open","3.0","Tantrum in public","1","1","1","","","2017-01-11T06:03:04","Ashlee Aziz"
"","","open","4.0","Tantrum in public","1","1","1","1","","2017-08-10T20:47:33","Marion Manning"
"","","open","2.0","Playing ball in house","1","1","","","","2017-07-09T22:05:16","Karina Buckley"
"","","open","2.0","General sassing","1","1","","","","2017-08-05T12:56:18","Deb Chase"
"","","open","1.0","Talking back to parents or other adults","1","","","","","2017-11-04T07:37:13","Rana Abbott"
"","","open","3.0","Petty candy larceny","1","1","1","","","2017-10-09T04:27:16","Al Molina"
"","","open","3.0","Playing ball in house","1","1","1","","","2017-02-17T01:43:00","Andy Soriano"
"","","open","4.0","Aiding and abetting / accessory to another child's infraction","1","1","1","1","","2017-06-11T01:59:02","Brooke Phillips"
"","","open","4.0","Aggravated pulling of hair","1","1","1","1","","2017-11-07T12:26:53","Isabel Mehta"
"","","open","3.0","Tantrum in public","1","1","1","","","2017-06-12T10:51:02","Jess Aziz"
"","","open","2.0","General sassing","1","1","","","","2017-04-17T21:53:07","Shawn Peralta"
"","","open","4.0","Computer infraction: Accessing siblings files without permission","1","1","1","1","","2017-03-03T20:59:25","Karina Russo"
"","","open","3.0","Talking back to parents or other adults","1","1","1","","","2017-04-17T08:38:41","Rex Fischer"
"","","open","2.0","Bedtime violation","1","1","","","","2017-03-26T19:18:59","Leslie Tanner"
"","","open","2.0","General sassing","1","1","","","","2017-08-26T14:35:52","Alfred Slater"
"","","open","2.0","Unauthorized access to cookie jar","1","1","","","","2017-08-25T16:31:47","Anthony Li"
"","","open","2.0","Throwing rocks (non-person target)","1","1","","","","2017-09-21T02:34:27","Frank Chung"
"","","open","4.0","Throwing rocks (non-person target)","1","1","1","1","","2017-08-22T08:23:17","Steve Boyle"
"","","open","4.0","Crayon on walls","1","1","1","1","","2017-09-24T00:18:46","Ted Gould"
"","","open","3.0","Aggravated pulling of hair","1","1","1","","","2017-10-13T04:23:13","Tania Buchanan"
"","","open","4.0","Computer infraction: Bypassing parental controls","1","1","1","1","","2017-03-03T15:32:16","Sara Mark"
"","","open","2.0","Petty candy larceny","1","1","","","","2017-11-10T09:34:16","Prince Brock"
"","","open","3.0","Talking back to parents or other adults","1","1","1","","","2017-08-02T17:27:20","Simon Pope"
"","","open","2.0","Tantrum in a private facility","1","1","","","","2017-12-14T05:40:04","Shelby Saunders"
"","","open","2.0","Tantrum in a private facility","1","1","","","","2017-12-07T13:50:27","Jeanette Tanner"
"","","open","5.0","Playing with matches","1","1","1","1","1","2017-12-05T20:53:05","Brendan Rivera"
"","","open","3.0","Crayon on walls","1","1","1","","","2017-04-06T01:11:24","Diego Chu"
"","","open","4.0","Anti-social behavior (unspecified)","1","1","1","1","","2017-06-06T21:00:30","Vijay Robbins"
"","","open","4.0","Tantrum in public","1","1","1","1","","2017-02-25T12:51:38","Sara Mark"
"","","open","3.0","Tantrum in a private facility","1","1","1","","","2017-09-19T10:21:41","Haley Davidson"
"","","open","2.0","Playing ball in house","1","1","","","","2017-12-18T11:53:49","Erin Wells"
"","","open","3.0","General sassing","1","1","1","","","2017-02-03T13:11:43","Vijay Robbins"
"","","open","4.0","Computer infraction: Accessing siblings files without permission","1","1","1","1","","2017-05-14T01:40:14","Monique Gillespie"
"","","open","1.0","Bedtime violation","1","","","","","2017-12-19T17:12:41","Tori Perkins"
"","","open","3.0","Computer infraction: Bypassing parental controls","1","1","1","","","2017-07-07T00:00:55","Mia Hartman"
"","","open","3.0","General sassing","1","1","1","","","2017-08-17T06:05:45","Ray Sharma"
"","","open","3.0","Possession of unlicensed slingshot","1","1","1","","","2017-04-26T07:09:19","Lance Montoya"
"","","open","4.0","Computer infraction: Bypassing parental controls","1","1","1","1","","2017-04-03T13:16:27","Joy Kramer"
"","","open","3.0","General sassing","1","1","1","","","2017-08-26T18:09:34","Sharon Greene"
"","","open","5.0","Throwing rocks (non-person target)","1","1","1","1","1","2017-05-14T19:53:13","Mohit Zimmerman"
"","","open","1.0","Bedtime violation","1","","","","","2017-08-14T11:04:59","Pam Chan"
"","","open","3.0","General sassing","1","1","1","","","2017-08-26T16:41:41","Shaun Miller"
"","","open","3.0","Computer infraction: Bypassing parental controls","1","1","1","","","2017-07-11T13:38:29","Arthur Gray"
"","","open","2.0","Petty candy larceny","1","1","","","","2017-03-11T15:50:02","Alice Salas"
"","","open","4.0","Computer infraction: Bypassing parental controls","1","1","1","1","","2017-09-05T11:15:59","Nathaniel Matthews"
"","","open","5.0","Aiding and abetting / accessory to another child's infraction","1","1","1","1","1","2017-05-02T12:30:24","Louis Leon"
"","","open","3.0","Aggravated pulling of hair","1","1","1","","","2017-09-27T20:08:54","Ross Garrett"
"","","open","1.0","Playing ball in house","1","","","","","2017-07-12T02:23:51","Marvin Sim"
"","","open","4.0","Aiding and abetting / accessory to another child's infraction","1","1","1","1","","2017-12-13T22:40:43","Craig John"
"","","open","2.0","Unauthorized access to cookie jar","1","1","","","","2017-05-24T11:21:45","Rachael Frazier"
"","","open","3.0","Tantrum in a private facility","1","1","1","","","2017-02-04T04:03:54","Katy Chen"
"","","open","1.0","Petty candy larceny","1","","","","","2017-05-13T08:33:10","Sara Mark"
"","","open","1.0","Playing ball in house","1","","","","","2017-10-21T08:52:28","Elaine Amin"
"","","open","3.0","Talking back to parents or other adults","1","1","1","","","2017-04-03T07:03:53","Val Garner"
"","","open","2.0","Tantrum in a private facility","1","1","","","","2017-04-17T19:23:19","Isabel Mehta"
"","","open","4.0","Giving super atomic wedgies","1","1","1","1","","2017-07-16T04:45:12","Wesley Morton"
"","","open","3.0","Possession of unlicensed slingshot","1","1","1","","","2017-10-02T00:05:38","Simon Greene"
"","","open","1.0","Unauthorized access to cookie jar","1","","","","","2017-12-24T16:56:22","Regina Ma"
"","","open","3.0","General sassing","1","1","1","","","2017-04-16T02:11:47","Shaun Miller"
"","","open","1.0","Aiding and abetting / accessory to another child's infraction","1","","","","","2017-10-04T00:13:19","Richie Maria"
"","","open","3.0","Possession of unlicensed slingshot","1","1","1","","","2017-06-03T06:28:53","Sara Mark"
"","","open","3.0","Tantrum in a private facility","1","1","1","","","2017-06-10T12:33:54","Phillip Sheikh"
"","","open","4.0","Anti-social behavior (unspecified)","1","1","1","1","","2017-11-24T05:48:41","Bonnie Roberts"
"","","open","2.0","Talking back to parents or other adults","1","1","","","","2017-06-12T10:09:24","Alina Davis"
"","","open","5.0","Playing with matches","1","1","1","1","1","2017-06-25T20:15:22","Meg Johnson"
"","","open","4.0","Computer infraction: Accessing siblings files without permission","1","1","1","1","","2017-08-13T21:55:34","Susan Garcia"
"","","open","5.0","Throwing rocks (at people)","1","1","1","1","1","2017-10-24T22:45:18","Brooke Phillips"
"","","open","3.0","Failure to feed a family pet","1","1","1","","","2017-12-01T04:36:05","Ricardo Wyatt"
"","","open","5.0","Throwing rocks (at people)","1","1","1","1","1","2017-07-16T20:17:00","Sheri Lewis"
"","","open","4.0","Anti-social behavior (unspecified)","1","1","1","1","","2017-07-27T06:36:02","Agnes Adam"
"","","open","4.0","Computer infraction: Accessing siblings files without permission","1","1","1","1","","2017-08-22T01:16:52","Logan Harmon"
"","","open","3.0","Possession of unlicensed slingshot","1","1","1","","","2017-04-16T19:47:51","Felix Mclean"
"","","open","5.0","Playing with matches","1","1","1","1","1","2017-11-08T09:46:15","Stacey Kerr"
"","","open","3.0","Playing ball in house","1","1","1","","","2017-04-16T19:30:40","Josephine Howard"
"","","open","4.0","Naughty words","1","1","1","1","","2017-11-15T03:32:15","Jay Saunders"
"","","open","3.0","Tantrum in public","1","1","1","","","2017-07-22T16:35:52","Ashlee Hodge"
"","","open","3.0","Computer infraction: Bypassing parental controls","1","1","1","","","2017-07-19T06:37:14","Logan Harmon"
"","","open","4.0","Anti-social behavior (unspecified)","1","1","1","1","","2017-06-15T07:56:57","Marissa Whitehead"
"","","open","3.0","Bedtime violation","1","1","1","","","2017-12-10T20:29:27","Nina Fitzgerald"
"","","open","3.0","Aiding and abetting / accessory to another child's infraction","1","1","1","","","2017-12-26T23:18:33","Jeanette Tanner"
"","","open","3.0","Computer infraction: Bypassing parental controls","1","1","1","","","2017-12-11T21:44:16","Richie Maria"
"","","open","4.0","Computer infraction: Accessing siblings files without permission","1","1","1","1","","2017-08-14T12:23:24","Noah Maher"
"","","open","3.0","Playing ball in house","1","1","1","","","2017-03-13T07:08:37","Sandeep Quinn"
"","","open","3.0","Anti-social behavior (unspecified)","1","1","1","","","2017-01-02T17:28:10","Marion Manning"
"","","open","5.0","Playing with matches","1","1","1","1","1","2017-07-21T07:33:57","Erin Tran"
"","","open","4.0","Computer infraction: Bypassing parental controls","1","1","1","1","","2017-03-15T07:50:59","Hanna Allen"
"","","open","4.0","Naughty words","1","1","1","1","","2017-05-05T21:34:08","Vikas Barker"
"","","open","5.0","Computer infraction: Accessing siblings files without permission","1","1","1","1","1","2017-06-13T04:39:08","Gene Cunningham"
"","","open","5.0","Naughty words","1","1","1","1","1","2017-01-22T16:51:48","Shaun Miller"
"","","open","3.0","Tantrum in public","1","1","1","","","2017-11-28T10:58:36","Kris Thornton"
"","","open","5.0","Aiding and abetting / accessory to another child's infraction","1","1","1","1","1","2017-01-10T13:25:32","Brendan Ibrahim"
"","","open","1.0","Playing ball in house","1","","","","","2017-11-18T10:37:23","Sasha Chin"
"","","open","4.0","Possession of unlicensed slingshot","1","1","1","1","","2017-11-19T23:48:58","Beth Ryan"
"","","open","4.0","Naughty words","1","1","1","1","","2017-11-18T07:11:22","Sheri Lewis"
"","","open","4.0","Tantrum in public","1","1","1","1","","2017-05-15T03:55:50","Jess Aziz"
"","","open","4.0","Talking back to parents or other adults","1","1","1","1","","2017-02-26T22:26:07","Tracey Rowe"
"","","open","4.0","Aiding and abetting / accessory to another child's infraction","1","1","1","1","","2017-06-27T21:11:00","Alfred Yang"
"","","open","5.0","Throwing rocks (at people)","1","1","1","1","1","2017-08-16T17:44:05","Sheri Lewis"
"","","open","1.0","Aiding and abetting / accessory to another child's infraction","1","","","","","2017-02-28T17:58:58","Victoria Joyce"
"","","open","4.0","Computer infraction: Bypassing parental controls","1","1","1","1","","2017-11-13T07:40:10","Allison Barton"
"","","open","5.0","Computer infraction: Accessing siblings files without permission","1","1","1","1","1","2017-12-27T17:21:08","Barb Sharma"
"","","open","3.0","Petty candy larceny","1","1","1","","","2017-07-28T15:02:52","Ernest Rai"
"","","open","3.0","Crayon on walls","1","1","1","","","2017-05-17T18:53:31","Damien Peter"
"","","open","4.0","Computer infraction: Bypassing parental controls","1","1","1","1","","2017-12-02T05:40:16","Todd Anand"
"","","open","3.0","Anti-social behavior (unspecified)","1","1","1","","","2017-04-05T07:23:37","Toni Rodriguez"
"","","open","3.0","Crayon on walls","1","1","1","","","2017-06-21T05:09:29","Jill Calderon"
"","","open","4.0","Anti-social behavior (unspecified)","1","1","1","1","","2017-11-27T21:41:06","Riley Love"
"","","open","5.0","Computer infraction: Accessing siblings files without permission","1","1","1","1","1","2017-02-27T08:59:49","Suzanne Hanna"
"","","open","3.0","Aiding and abetting / accessory to another child's infraction","1","1","1","","","2017-08-18T04:52:09","Bradley Andrews"
"","","open","3.0","Crayon on walls","1","1","1","","","2017-06-24T01:40:05","Johan Kirby"
"","","open","2.0","Playing ball in house","1","1","","","","2017-10-10T14:57:42","Jeffrey Oconnell"
"","","open","4.0","Anti-social behavior (unspecified)","1","1","1","1","","2017-01-15T03:03:22","Mel Chandler"
"","","open","2.0","Unauthorized access to cookie jar","1","1","","","","2017-11-24T00:30:05","Juanita Thompson"
"","","open","1.0","Petty candy larceny","1","","","","","2017-09-15T17:45:34","Nana Davidson"
"","","open","5.0","Playing with matches","1","1","1","1","1","2017-04-27T16:58:45","Ernest Robbins"
"","","open","4.0","Possession of unlicensed slingshot","1","1","1","1","","2017-09-22T18:34:58","Priya Ray"
"","","open","3.0","Aggravated pulling of hair","1","1","1","","","2017-10-24T22:20:41","Bonnie Maher"
"","","open","3.0","Aggravated pulling of hair","1","1","1","","","2017-12-14T04:57:40","Kirsty Evans"
"","","open","3.0","Anti-social behavior (unspecified)","1","1","1","","","2017-08-09T20:21:45","Vikas Gee"
"","","open","5.0","Throwing rocks (at people)","1","1","1","1","1","2017-05-20T11:42:02","Curtis Summers"
"","","open","2.0","Playing ball in house","1","1","","","","2017-03-21T13:18:29","Wanda Gurung"
"","","open","5.0","Tantrum in public","1","1","1","1","1","2017-02-19T11:24:19","Nicolas Juarez"
"","","open","5.0","Computer infraction: Accessing siblings files without permission","1","1","1","1","1","2017-03-10T07:24:16","Stephen Parks"
"","","open","4.0","Computer infraction: Accessing siblings files without permission","1","1","1","1","","2017-01-13T00:58:07","Shaun Miller"
"","","open","3.0","General sassing","1","1","1","","","2017-09-19T18:21:53","Stephanie Harrison"
"","","open","3.0","General sassing","1","1","1","","","2017-02-09T04:25:16","John Vaughn"
"","","open","5.0","Throwing rocks (non-person target)","1","1","1","1","1","2017-06-06T00:47:49","Amir Shelton"
"","","open","4.0","Computer infraction: Bypassing parental controls","1","1","1","1","","2017-05-17T13:12:22","Jeffrey Oconnell"
"","","open","3.0","Throwing rocks (non-person target)","1","1","1","","","2017-09-12T09:12:20","Vijay Robbins"
"","","open","3.0","Computer infraction: Bypassing parental controls","1","1","1","","","2017-08-15T19:11:52","Jeffrey Oconnell"
"","","open","4.0","Anti-social behavior (unspecified)","1","1","1","1","","2017-08-20T19:24:25","Mike Goel"
"","","open","3.0","Playing ball in house","1","1","1","","","2017-09-07T19:37:46","Susan Garcia"
"","","open","1.0","Unauthorized access to cookie jar","1","","","","","2017-05-08T11:14:21","Vikas Gee"
"","","open","2.0","Aiding and abetting / accessory to another child's infraction","1","1","","","","2017-08-22T10:38:23","Hunter Carrillo"
"","","open","5.0","Computer infraction: Accessing siblings files without permission","1","1","1","1","1","2017-10-07T11:53:53","Pedro Abbott"
"","","open","2.0","Aiding and abetting / accessory to another child's infraction","1","1","","","","2017-01-08T00:06:45","Pat Bradshaw"
"","","open","1.0","Unauthorized access to cookie jar","1","","","","","2017-02-03T11:35:06","Monique Gillespie"
"","","open","4.0","Talking back to parents or other adults","1","1","1","1","","2017-04-05T21:56:14","Erika Norton"
"","","open","1.0","Failure to feed a family pet","1","","","","","2017-10-06T23:58:45","Carol Peralta"
"","","open","3.0","Anti-social behavior (unspecified)","1","1","1","","","2017-12-12T04:35:23","Amelia Saleh"
"","","open","5.0","Throwing rocks (at people)","1","1","1","1","1","2017-10-19T04:04:24","Boq Questrian"
"","","open","1.0","Bedtime violation","1","","","","","2017-03-03T11:17:45","Felix Mclean"
"","","open","3.0","Tantrum in public","1","1","1","","","2017-05-16T21:24:06","Brendan Cunningham"
"","","open","4.0","Computer infraction: Bypassing parental controls","1","1","1","1","","2017-09-15T23:48:02","Marian Kent"
"","","open","1.0","Talking back to parents or other adults","1","","","","","2017-09-21T12:10:08","Aditya Perera"
"","","open","5.0","Naughty words","1","1","1","1","1","2017-12-16T16:27:37","Lynne Olson"
"","","open","5.0","Naughty words","1","1","1","1","1","2017-12-09T07:41:11","Sumit Anand"
"","","open","3.0","Failure to feed a family pet","1","1","1","","","2017-04-25T20:42:18","Anthony Lang"
"","","open","2.0","Tantrum in a private facility","1","1","","","","2017-09-19T08:59:57","Courtney Kramer"
"","","open","2.0","Talking back to parents or other adults","1","1","","","","2017-09-20T01:21:20","Rick Mark"
"","","open","4.0","Computer infraction: Bypassing parental controls","1","1","1","1","","2017-10-03T05:48:27","Justine Winters"
"","","open","2.0","Talking back to parents or other adults","1","1","","","","2017-11-06T00:34:02","Jasmin Sampson"
"","","open","4.0","Throwing rocks (non-person target)","1","1","1","1","","2017-07-13T04:59:41","Mariana Reese"
"","","open","4.0","Crayon on walls","1","1","1","1","","2017-12-19T21:39:08","Louie Stevens"
"","","open","2.0","Aiding and abetting / accessory to another child's infraction","1","1","","","","2017-03-16T00:58:33","Lorena Dominguez"
"","","open","1.0","Bedtime violation","1","","","","","2017-01-08T01:55:10","Cindy Patrick"
"","","open","5.0","Tantrum in public","1","1","1","1","1","2017-12-27T00:09:37","Lina Koch"
"","","open","1.0","Throwing rocks (non-person target)","1","","","","","2017-12-28T22:27:59","Louis Leon"
"","","open","2.0","Petty candy larceny","1","1","","","","2017-04-22T08:34:26","Mina Benson"
"","","open","3.0","Anti-social behavior (unspecified)","1","1","1","","","2017-10-19T16:28:00","Sami Gutierrez"
"","","open","2.0","Playing ball in house","1","1","","","","2017-10-09T12:13:07","Juliet Robbins"
"","","open","1.0","Failure to feed a family pet","1","","","","","2017-10-05T12:07:48","Pam Chan"
"","","open","1.0","Bedtime violation","1","","","","","2017-01-14T15:19:43","Eva Peter"
"","","open","1.0","Throwing rocks (non-person target)","1","","","","","2017-11-07T16:49:23","Kelly Bowers"
"","","open","3.0","Computer infraction: Bypassing parental controls","1","1","1","","","2017-07-15T01:01:13","Rex Fischer"
"","","open","1.0","Unauthorized access to cookie jar","1","","","","","2017-11-23T16:50:19","Jeanette Tanner"
"","","open","4.0","Crayon on walls","1","1","1","1","","2017-12-14T22:23:43","Lindsey Lambert"
"","","open","3.0","Tantrum in public","1","1","1","","","2017-11-08T01:28:35","Margie Hoffman"
"","","open","5.0","Playing with matches","1","1","1","1","1","2017-11-17T00:49:23","Damian Bhardwaj"
"","","open","5.0","Playing with matches","1","1","1","1","1","2017-10-02T22:19:36","Jared Islam"
"","","open","5.0","Playing with matches","1","1","1","1","1","2017-04-04T04:18:35","Tj Mccoy"
"","","open","1.0","Throwing rocks (non-person target)","1","","","","","2017-10-23T16:56:53","Lucas Johnson"
"","","open","2.0","Unauthorized access to cookie jar","1","1","","","","2017-06-14T18:27:31","Leah Williams"
"","","open","2.0","Failure to feed a family pet","1","1","","","","2017-08-25T09:13:25","Ernest Rai"
"","","open","3.0","Petty candy larceny","1","1","1","","","2017-11-07T14:27:13","Cindy Patrick"
"","","open","2.0","Failure to feed a family pet","1","1","","","","2017-09-26T20:12:37","Carlos Potter"
"","","open","3.0","Aiding and abetting / accessory to another child's infraction","1","1","1","","","2017-12-02T16:36:17","Autumn Bautista"
"","","open","1.0","Playing ball in house","1","","","","","2017-05-22T05:57:05","Shane Armstrong"
"","","open","3.0","Throwing rocks (non-person target)","1","1","1","","","2017-01-23T09:06:59","Diego Davenport"
"","","open","3.0","Failure to feed a family pet","1","1","1","","","2017-03-26T21:12:00","Rana Chang"
"","","open","5.0","Throwing rocks (at people)","1","1","1","1","1","2017-12-11T05:09:57","Wesley Morton"
"","","open","3.0","Computer infraction: Bypassing parental controls","1","1","1","","","2017-03-07T21:13:53","Amelia Mark"
"","","open","1.0","Playing ball in house","1","","","","","2017-05-11T04:51:07","Naomi Abdullah"
"","","open","2.0","Failure to feed a family pet","1","1","","","","2017-04-10T23:49:17","Kenneth Myers"
"","","open","1.0","Playing ball in house","1","","","","","2017-05-05T04:08:54","Ty Ferreira"
"","","open","3.0","General sassing","1","1","1","","","2017-08-27T10:22:19","Blake Donaldson"
"","","open","5.0","Throwing rocks (at people)","1","1","1","1","1","2017-09-01T02:21:41","Beverly Khalil"
"","","open","5.0","Tantrum in public","1","1","1","1","1","2017-11-17T16:48:48","Nicola Tanner"
"","","open","3.0","Playing ball in house","1","1","1","","","2017-07-04T01:56:47","Sydney Ram"
"","","open","5.0","Computer infraction: Accessing siblings files without permission","1","1","1","1","1","2017-10-04T18:15:31","Val Garner"
"","","open","4.0","Computer infraction: Bypassing parental controls","1","1","1","1","","2017-05-18T03:59:23","Sherri Carter"
"327","status:closed","closed","4.0","Aggravated pulling of hair","1","1","1","1","","2017-02-02T12:13:51","Nina Fitzgerald"
"","","closed","1.0","Playing ball in house","1","","","","","2017-06-04T06:28:41","Jess Aziz"
"","","closed","2.0","Tantrum in a private facility","1","1","","","","2017-02-11T08:42:40","Iris Shaffer"
"","","closed","3.0","Crayon on walls","1","1","1","","","2017-06-05T15:53:40","Deepak Obrien"
"","","closed","4.0","Anti-social behavior (unspecified)","1","1","1","1","","2017-09-12T03:41:10","Missy Ray"
"","","closed","3.0","Failure to feed a family pet","1","1","1","","","2017-10-13T16:09:34","Rex Larson"
"","","closed","1.0","Playing ball in house","1","","","","","2017-08-21T15:14:56","Allen Farmer"
"","","closed","1.0","Playing ball in house","1","","","","","2017-12-24T17:52:35","Cindy Patil"
"","","closed","1.0","Bedtime violation","1","","","","","2017-12-20T18:29:52","Cara Hudson"
"","","closed","5.0","Naughty words","1","1","1","1","1","2017-04-05T23:31:30","Juanita Burgess"
"","","closed","1.0","Bedtime violation","1","","","","","2017-07-09T04:43:50","Jennifer Haddad"
"","","closed","5.0","Giving super atomic wedgies","1","1","1","1","1","2017-05-19T21:06:47","Bini Aru"
"","","closed","5.0","Playing with matches","1","1","1","1","1","2017-11-22T16:25:53","Josephine Howard"
"","","closed","3.0","Failure to feed a family pet","1","1","1","","","2017-03-04T16:46:45","Arnold Monroe"
"","","closed","4.0","Aiding and abetting / accessory to another child's infraction","1","1","1","1","","2017-08-21T05:05:42","Gabrielle Pierce"
"","","closed","4.0","Naughty words","1","1","1","1","","2017-11-03T11:35:00","Bonnie Clayton"
"","","closed","1.0","Bedtime violation","1","","","","","2017-03-05T18:17:01","Gareth Patel"
"","","closed","2.0","Throwing rocks (non-person target)","1","1","","","","2017-08-11T17:09:38","Rafael Lane"
"","","closed","1.0","Unauthorized access to cookie jar","1","","","","","2017-04-22T18:00:05","Eugene Gandhi"
"","","closed","4.0","Crayon on walls","1","1","1","1","","2017-09-10T22:49:14","Mike Goel"
"","","closed","2.0","Unauthorized access to cookie jar","1","1","","","","2017-07-19T07:40:44","Sami Sandoval"
"","","closed","2.0","Tantrum in a private facility","1","1","","","","2017-11-28T10:10:00","Erika Norton"
"","","closed","3.0","Petty candy larceny","1","1","1","","","2017-03-24T22:08:39","Mina Teo"
"","","closed","1.0","Failure to feed a family pet","1","","","","","2017-03-28T17:40:20","Juanita Burgess"
"","","closed","4.0","Computer infraction: Accessing siblings files without permission","1","1","1","1","","2017-06-19T22:33:46","Jim Chen"
"","","closed","5.0","Throwing rocks (at people)","1","1","1","1","1","2017-11-19T07:35:34","Derrick Christian"
"","","closed","3.0","Talking back to parents or other adults","1","1","1","","","2017-01-11T11:57:47","Roxanne Cervantes"
"","","closed","2.0","Playing ball in house","1","1","","","","2017-11-11T10:16:39","Barb Sharma"
"","","closed","3.0","Crayon on walls","1","1","1","","","2017-05-28T21:50:19","Tina Humphrey"
"","","closed","2.0","Unauthorized access to cookie jar","1","1","","","","2017-02-19T20:43:06","Blake Nielsen"
"","","closed","3.0","General sassing","1","1","1","","","2017-05-28T05:14:56","Naomi Schultz"
"","","closed","2.0","Tantrum in a private facility","1","1","","","","2017-03-03T08:39:27","Miranda Samson"
"","","closed","3.0","Anti-social behavior (unspecified)","1","1","1","","","2017-08-09T05:46:49","Sanjay Hammond"
"","","closed","1.0","Unauthorized access to cookie jar","1","","","","","2017-04-19T15:27:46","Stacy Mcmahon"
"","","closed","1.0","Playing ball in house","1","","","","","2017-09-21T22:04:23","Tori Gillespie"
"","","closed","4.0","Computer infraction: Accessing siblings files without permission","1","1","1","1","","2017-06-17T02:06:36","Felix Mclean"
"","","closed","3.0","Playing ball in house","1","1","1","","","2017-05-11T01:50:01","Mohammed Prince"
"","","closed","5.0","Computer infraction: Accessing siblings files without permission","1","1","1","1","1","2017-07-17T17:09:00","Stephanie Harrison"
"","","closed","2.0","General sassing","1","1","","","","2017-12-15T00:15:56","Jeanette Tanner"
"","","closed","3.0","Possession of unlicensed slingshot","1","1","1","","","2017-01-22T11:08:08","Diego Chu"
"","","closed","3.0","Crayon on walls","1","1","1","","","2017-07-14T10:25:56","Miriam Fox"
"","","closed","2.0","Playing ball in house","1","1","","","","2017-10-05T15:08:10","Tracey Rowe"
"","","closed","2.0","Bedtime violation","1","1","","","","2017-09-13T19:18:31","Caleb Delacruz"
"","","closed","3.0","Failure to feed a family pet","1","1","1","","","2017-11-26T08:17:26","Maggie Khan"
"","","closed","3.0","Tantrum in public","1","1","1","","","2017-11-15T04:00:50","Lois Aquino"
"","","closed","3.0","Tantrum in a private facility","1","1","1","","","2017-11-28T15:55:12","Stephen Parks"
"","","closed","1.0","Aiding and abetting / accessory to another child's infraction","1","","","","","2017-03-12T06:34:41","Byron Foster"
"","","closed","3.0","Bedtime violation","1","1","1","","","2017-07-27T23:48:39","Aditya Perera"
"","","closed","2.0","Tantrum in a private facility","1","1","","","","2017-08-24T12:36:55","Sandra Osborne"
"","","closed","5.0","Naughty words","1","1","1","1","1","2017-06-13T07:48:10","Lynne Olsen"
"","","closed","3.0","Anti-social behavior (unspecified)","1","1","1","","","2017-01-18T07:27:27","Lori Mohamed"
"","","closed","5.0","Naughty words","1","1","1","1","1","2017-05-11T07:29:20","Cathy Nair"
"","","closed","2.0","Aiding and abetting / accessory to another child's infraction","1","1","","","","2017-01-15T04:26:33","Lucas Daly"
"","","closed","3.0","Possession of unlicensed slingshot","1","1","1","","","2017-09-07T18:01:42","Beverly Khalil"
"","","closed","2.0","Tantrum in a private facility","1","1","","","","2017-05-07T15:39:40","Larry Mcintosh"
"","","closed","5.0","Playing with matches","1","1","1","1","1","2017-12-28T08:47:51","Jodi Espinoza"
"","","closed","2.0","Tantrum in a private facility","1","1","","","","2017-01-20T20:25:44","Ray Sharma"
"","","closed","2.0","Tantrum in a private facility","1","1","","","","2017-02-18T21:56:45","Blake Nielsen"
"","","closed","4.0","Aiding and abetting / accessory to another child's infraction","1","1","1","1","","2017-01-17T16:26:16","Cody Khalil"
"","","closed","2.0","Playing ball in house","1","1","","","","2017-01-11T09:52:04","Lynne Rodgers"
"","","closed","3.0","Possession of unlicensed slingshot","1","1","1","","","2017-12-06T14:03:14","Alina Davis"
"","","closed","2.0","Tantrum in a private facility","1","1","","","","2017-11-16T15:39:51","Eugene Gandhi"
"","","closed","2.0","Talking back to parents or other adults","1","1","","","","2017-08-17T15:07:11","Gillian Henderson"
"","","closed","4.0","Computer infraction: Bypassing parental controls","1","1","1","1","","2017-03-09T04:42:42","Frank Chung"
"","","closed","2.0","Failure to feed a family pet","1","1","","","","2017-01-11T20:37:54","Jen Rodriguez"
"","","closed","4.0","Possession of unlicensed slingshot","1","1","1","1","","2017-12-11T19:40:32","Karina Cortez"
"","","closed","3.0","Tantrum in a private facility","1","1","1","","","2017-11-05T00:18:56","Charmaine Joseph"
"","","closed","5.0","Throwing rocks (non-person target)","1","1","1","1","1","2015-12-25T00:00:00","Cindy Lou Who"
"","","closed","2.0","Playing ball in house","1","1","","","","2017-06-19T08:19:59","Autumn Marquez"
"","","closed","5.0","Computer infraction: Accessing siblings files without permission","1","1","1","1","1","2017-01-06T09:09:26","Deepak Obrien"
"","","closed","4.0","Naughty words","1","1","1","1","","2017-06-20T22:24:10","Lea Burns"
"","","closed","5.0","Computer infraction: Accessing siblings files without permission","1","1","1","1","1","2017-07-13T14:04:50","Prince Brock"
"","","closed","1.0","Unauthorized access to cookie jar","1","","","","","2017-12-25T10:49:58","Mel Russell"
"","","closed","2.0","General sassing","1","1","","","","2017-04-10T09:47:46","Deanna Richardson"
"","","closed","3.0","Crayon on walls","1","1","1","","","2017-04-09T07:40:51","Johnny Potter"
"","","closed","4.0","Tantrum in public","1","1","1","1","","2017-11-19T10:08:04","Monica Bryan"
"","","closed","5.0","Tantrum in public","1","1","1","1","1","2016-12-25T00:00:00","Dr. Who"
"","","closed","3.0","Throwing rocks (non-person target)","1","1","1","","","2017-08-05T18:42:49","Bernadette Law"
"","","closed","2.0","Aiding and abetting / accessory to another child's infraction","1","1","","","","2017-10-28T07:28:07","Sara Mark"
"","","closed","2.0","Throwing rocks (non-person target)","1","1","","","","2017-11-24T19:53:52","Lyn Riley"
"","","closed","4.0","Computer infraction: Accessing siblings files without permission","1","1","1","1","","2017-12-21T05:36:22","Gabrielle Blue"
"","","closed","2.0","Petty candy larceny","1","1","","","","2017-03-15T11:02:41","Damian Bhardwaj"
"","","closed","3.0","Failure to feed a family pet","1","1","1","","","2017-03-14T08:25:53","Tom Reilly"
"","","closed","2.0","Petty candy larceny","1","1","","","","2017-10-20T05:10:59","Blake Nielsen"
"","","closed","3.0","Tantrum in public","1","1","1","","","2017-04-05T00:30:36","Brittney Colon"
"","","closed","1.0","Throwing rocks (non-person target)","1","","","","","2017-09-08T01:08:24","Sandy Blake"
"","","closed","3.0","General sassing","1","1","1","","","2017-07-20T03:20:35","Rafael Lane"
"","","closed","4.0","Aggravated pulling of hair","1","1","1","1","","2017-07-25T20:47:05","Gordon White"
"","","closed","3.0","Crayon on walls","1","1","1","","","2017-03-23T05:19:33","Mark Frank"
"","","closed","3.0","Petty candy larceny","1","1","1","","","2017-07-11T11:43:15","Arthur Gray"
"","","closed","5.0","Giving super atomic wedgies","1","1","1","1","1","2017-09-27T13:06:54","Wesley Morton"
"","","closed","4.0","Giving super atomic wedgies","1","1","1","1","","2017-09-18T00:24:33","Chloe Allen"
"","","closed","3.0","Aggravated pulling of hair","1","1","1","","","2017-09-16T18:56:59","Suzanne Richard"
"","","closed","1.0","Playing ball in house","1","","","","","2017-01-04T10:00:44","Isabel Joyce"
"","","closed","1.0","Playing ball in house","1","","","","","2017-04-23T01:16:29","Brendan Cunningham"
"","","closed","3.0","Anti-social behavior (unspecified)","1","1","1","","","2017-10-02T22:24:22","Greg Chung"
"","","closed","5.0","Naughty words","1","1","1","1","1","2017-11-22T05:19:18","Sophia Aguilar"
"","","closed","4.0","Computer infraction: Accessing siblings files without permission","1","1","1","1","","2017-04-28T23:22:40","Stacey Beck"
"","","closed","3.0","Tantrum in a private facility","1","1","1","","","2017-03-02T07:07:19","Christy Srivastava"
"","","closed","4.0","Crayon on walls","1","1","1","1","","2017-05-03T01:59:44","Stacy Mcmahon"
"","","closed","1.0","Throwing rocks (non-person target)","1","","","","","2017-04-13T13:43:47","Maggie Khan"
"","","closed","2.0","Unauthorized access to cookie jar","1","1","","","","2017-06-04T02:50:30","Chloe Moran"
"","","closed","4.0","Naughty words","1","1","1","1","","2017-09-16T08:22:02","Ella Soni"
"","","closed","2.0","Petty candy larceny","1","1","","","","2017-07-14T11:23:08","Sandra Osborne"
"","","closed","4.0","Computer infraction: Accessing siblings files without permission","1","1","1","1","","2017-10-18T04:15:40","Carrie Garcia"
"","","closed","2.0","Unauthorized access to cookie jar","1","1","","","","2017-03-23T03:54:17","Oliver Garza"
"","","closed","4.0","Computer infraction: Accessing siblings files without permission","1","1","1","1","","2017-05-03T13:19:35","Jess Aziz"
"","","closed","3.0","Computer infraction: Bypassing parental controls","1","1","1","","","2017-03-09T01:34:13","Candice Ford"
"","","closed","4.0","Computer infraction: Accessing siblings files without permission","1","1","1","1","","2017-11-15T00:54:11","Micheal Ahmad"
"","","closed","3.0","Anti-social behavior (unspecified)","1","1","1","","","2017-04-12T00:19:56","Marion Manning"
"","","closed","4.0","Crayon on walls","1","1","1","1","","2017-07-01T22:28:28","Allison Barton"
"","","closed","4.0","Talking back to parents or other adults","1","1","1","1","","2017-03-27T03:59:36","Riley Lawrence"
"","","closed","4.0","Computer infraction: Accessing siblings files without permission","1","1","1","1","","2017-08-11T09:44:32","Faith Harding"
"","","closed","4.0","Aiding and abetting / accessory to another child's infraction","1","1","1","1","","2017-11-27T20:42:36","Tina Humphrey"
"","","closed","2.0","General sassing","1","1","","","","2017-05-26T17:43:51","Dave Bowen"
"","","closed","2.0","General sassing","1","1","","","","2017-12-20T13:40:32","Sami Gutierrez"
"","","closed","3.0","Talking back to parents or other adults","1","1","1","","","2017-10-12T10:17:28","Nicholas Landry"
"","","closed","5.0","Computer infraction: Accessing siblings files without permission","1","1","1","1","1","2017-09-05T18:30:37","Edwin Pandey"
"","","closed","5.0","Naughty words","1","1","1","1","1","2017-10-24T19:56:41","Ernest Rai"
"","","closed","2.0","Talking back to parents or other adults","1","1","","","","2017-01-15T22:26:35","Vickie Solis"
"","","closed","5.0","Anti-social behavior (unspecified)","1","1","1","1","1","2016-12-25T00:00:00","Dr. Who"
"","","closed","2.0","Talking back to parents or other adults","1","1","","","","2017-06-07T10:33:44","Vera Tiwari"
"","","closed","3.0","General sassing","1","1","1","","","2017-09-21T14:09:41","Jillian May"
"","","closed","1.0","Playing ball in house","1","","","","","2017-08-23T13:37:17","Donald Johns"
"","","closed","4.0","Computer infraction: Bypassing parental controls","1","1","1","1","","2017-08-19T00:17:13","Sumit Anand"
"","","closed","2.0","Failure to feed a family pet","1","1","","","","2017-04-26T03:29:18","Brendan Cunningham"
"","","closed","1.0","Unauthorized access to cookie jar","1","","","","","2017-05-02T01:59:51","Damon Newton"
"","","closed","2.0","Bedtime violation","1","1","","","","2017-10-01T16:02:36","Ashlee Hodge"
"","","closed","3.0","Tantrum in a private facility","1","1","1","","","2017-09-06T16:07:32","Gene Walsh"
"","","closed","3.0","Crayon on walls","1","1","1","","","2017-05-22T06:57:27","Bonnie Roberts"
"","","closed","3.0","Tantrum in public","1","1","1","","","2017-03-20T02:55:35","Carlos Whitehead"
"","","closed","3.0","Aggravated pulling of hair","1","1","1","","","2017-12-23T09:46:02","Christy Srivastava"
"","","closed","3.0","General sassing","1","1","1","","","2017-08-06T01:33:04","Anil Marquez"
"","","closed","2.0","Talking back to parents or other adults","1","1","","","","2017-02-18T10:33:03","Marcus Schmidt"
"","","closed","4.0","Crayon on walls","1","1","1","1","","2017-07-06T20:18:01","Ahmed Hernandez"
"","","closed","3.0","General sassing","1","1","1","","","2017-04-16T03:51:09","Beverly Khalil"
"","","closed","1.0","Failure to feed a family pet","1","","","","","2017-10-07T08:15:20","Allen Grant"
"","","closed","3.0","Computer infraction: Bypassing parental controls","1","1","1","","","2017-09-16T22:51:48","Nadia Buchanan"
"","","closed","1.0","Unauthorized access to cookie jar","1","","","","","2017-05-27T23:55:41","Richie Maria"
"","","closed","4.0","Crayon on walls","1","1","1","1","","2017-11-14T09:54:23","Mariana Reese"
"","","closed","4.0","Crayon on walls","1","1","1","1","","2017-02-22T17:03:01","Edith Anderson"
"","","closed","5.0","Naughty words","1","1","1","1","1","2017-06-28T12:04:04","Abdullah Lindsey"
"","","closed","2.0","General sassing","1","1","","","","2017-02-07T13:36:40","Claire Gurung"
"","","closed","2.0","Tantrum in a private facility","1","1","","","","2017-01-05T03:40:19","Kate Boyle"
"","","closed","5.0","Throwing rocks (non-person target)","1","1","1","1","1","2017-07-26T12:06:05","Lori Mohamed"
"","","closed","2.0","Failure to feed a family pet","1","1","","","","2017-11-19T20:57:37","Maurice Jarvis"
"","","closed","5.0","Playing with matches","1","1","1","1","1","2017-04-27T06:29:00","Allen Farmer"
"","","closed","4.0","Computer infraction: Bypassing parental controls","1","1","1","1","","2017-11-17T18:38:49","Ruben Woodward"
"","","closed","2.0","Tantrum in a private facility","1","1","","","","2017-07-22T19:22:05","Angelica Macdonald"
"","","closed","4.0","Crayon on walls","1","1","1","1","","2017-04-03T04:18:03","Jojo Costa"
"","","closed","5.0","Naughty words","1","1","1","1","1","2017-10-11T08:58:24","Marion Manning"
"","","closed","3.0","Computer infraction: Bypassing parental controls","1","1","1","","","2017-01-04T19:04:37","Shaun Miller"
"","","closed","5.0","Naughty words","1","1","1","1","1","2017-02-23T21:55:54","Malcolm Prasad"
"","","closed","3.0","Aiding and abetting / accessory to another child's infraction","1","1","1","","","2017-02-25T07:44:52","Pierre Bruce"
"","","closed","5.0","Throwing rocks (at people)","1","1","1","1","1","2017-07-11T08:01:03","Nina Fitzgerald"
"","","closed","3.0","Bedtime violation","1","1","1","","","2017-12-27T06:45:55","Sandeep Santos"
"","","closed","2.0","Throwing rocks (non-person target)","1","1","","","","2017-05-15T04:31:14","Henry Williams"
"","","closed","3.0","Tantrum in a private facility","1","1","1","","","2017-11-16T09:31:29","Marvin Sim"
"","","closed","3.0","Petty candy larceny","1","1","1","","","2017-09-17T21:46:37","Bob Byrne"
"","","closed","3.0","General sassing","1","1","1","","","2017-09-05T03:12:54","Phillip Sheikh"
"","","closed","1.0","Playing ball in house","1","","","","","2017-02-18T03:02:54","Cindy Patil"
"","","closed","4.0","Anti-social behavior (unspecified)","1","1","1","1","","2017-01-06T16:17:09","Josephine Howard"
"","","closed","3.0","Tantrum in public","1","1","1","","","2017-04-13T17:10:24","Amelia Mark"
"","","closed","4.0","Aggravated pulling of hair","1","1","1","1","","2017-10-13T14:55:13","Sheri Lewis"
"","","closed","5.0","Talking back to parents or other adults","1","1","1","1","1","2016-12-25T00:00:00","Dr. Who"
"","","closed","5.0","Computer infraction: Accessing siblings files without permission","1","1","1","1","1","2017-10-20T01:48:25","Manish Jefferson"
"","","closed","1.0","Petty candy larceny","1","","","","","2017-08-07T03:20:51","Brenda Krishnan"
"","","closed","2.0","Failure to feed a family pet","1","1","","","","2017-12-19T09:17:56","Jay Saunders"
"","","closed","3.0","Crayon on walls","1","1","1","","","2017-11-28T07:42:30","Ashlee Hodge"
"","","closed","1.0","Aiding and abetting / accessory to another child's infraction","1","","","","","2017-03-05T09:53:42","Jay Saunders"
"","","closed","4.0","Talking back to parents or other adults","1","1","1","1","","2017-11-27T14:45:08","Taylor Santos"
"","","closed","3.0","Anti-social behavior (unspecified)","1","1","1","","","2017-07-27T16:43:54","Deanna Richardson"
"","","closed","4.0","Computer infraction: Bypassing parental controls","1","1","1","1","","2017-05-23T16:37:04","Sharon Greene"
"","","closed","2.0","Petty candy larceny","1","1","","","","2017-04-06T21:00:53","Pam Chan"
"","","closed","2.0","Playing ball in house","1","1","","","","2017-03-08T14:06:53","Ashlee Hodge"
"","","closed","4.0","Throwing rocks (non-person target)","1","1","1","1","","2017-05-19T07:15:34","Bella Garg"
"","","closed","1.0","Playing ball in house","1","","","","","2017-06-23T09:35:39","Donald Jane"
"","","closed","2.0","Unauthorized access to cookie jar","1","1","","","","2017-07-06T18:31:37","Jasmin Sampson"
"","","closed","4.0","Anti-social behavior (unspecified)","1","1","1","1","","2017-12-13T13:26:51","Byron Foster"
"","","closed","3.0","Petty candy larceny","1","1","1","","","2017-04-27T08:43:56","Patricia Guy"
"","","closed","3.0","Anti-social behavior (unspecified)","1","1","1","","","2017-10-21T09:52:08","Kellie Petersen"
"","","closed","5.0","Playing with matches","1","1","1","1","1","2017-12-19T14:45:17","Deanna Richardson"
"","","closed","2.0","Petty candy larceny","1","1","","","","2017-08-28T00:02:03","Brendan Rivera"
"","","closed","3.0","Tantrum in a private facility","1","1","1","","","2017-03-10T21:09:29","Nadia Buchanan"
"","","closed","4.0","Aiding and abetting / accessory to another child's infraction","1","1","1","1","","2017-06-10T08:30:20","Sergio Hancock"
"","","closed","3.0","Tantrum in a private facility","1","1","1","","","2017-04-02T01:15:34","Cindy Patil"
"","","closed","2.0","Petty candy larceny","1","1","","","","2017-05-22T14:22:51","Oliver Garza"
"","","closed","4.0","Crayon on walls","1","1","1","1","","2017-01-05T21:44:42","Frances Ibrahim"
"","","closed","4.0","Throwing rocks (non-person target)","1","1","1","1","","2017-04-07T05:11:36","Christy Srivastava"
"","","closed","4.0","Crayon on walls","1","1","1","1","","2017-08-25T12:28:52","Donna Adams"
"","","closed","2.0","Playing ball in house","1","1","","","","2017-11-14T01:40:06","Craig John"
"","","closed","1.0","Unauthorized access to cookie jar","1","","","","","2017-01-20T08:19:20","Margie Hoffman"
"","","closed","3.0","Computer infraction: Bypassing parental controls","1","1","1","","","2017-04-15T22:30:23","Christy Woods"
"","","closed","3.0","Possession of unlicensed slingshot","1","1","1","","","2017-04-21T01:17:27","Trey Harvey"
"","","closed","3.0","General sassing","1","1","1","","","2017-07-05T20:12:04","Jim Foster"
"","","closed","4.0","Throwing rocks (non-person target)","1","1","1","1","","2017-06-12T10:49:27","Allen Farmer"
"","","closed","4.0","Computer infraction: Accessing siblings files without permission","1","1","1","1","","2017-07-13T17:23:42","Mina Benson"
"","","closed","3.0","Playing ball in house","1","1","1","","","2017-02-19T15:37:26","Carrie Nixon"
"","","closed","4.0","Possession of unlicensed slingshot","1","1","1","1","","2017-06-08T03:29:19","Maggie Khan"
"","","closed","2.0","Playing ball in house","1","1","","","","2017-08-10T09:53:10","Brent Pascual"
"","","closed","5.0","Naughty words","1","1","1","1","1","2017-10-19T19:11:31","Faith Harding"
"","","closed","3.0","Crayon on walls","1","1","1","","","2017-01-17T07:11:52","Melissa Perera"
"","","closed","3.0","Bedtime violation","1","1","1","","","2017-07-15T08:10:35","Damon Newton"
"","","closed","2.0","Playing ball in house","1","1","","","","2017-03-26T03:41:10","Faith Harding"
"","","closed","5.0","Playing with matches","1","1","1","1","1","2017-03-01T03:58:55","Josephine Howard"
"","","closed","4.0","Computer infraction: Bypassing parental controls","1","1","1","1","","2017-09-25T10:27:15","Prince Brock"
"","","closed","2.0","Petty candy larceny","1","1","","","","2017-07-04T21:43:02","Tori Roman"
"","","closed","2.0","Bedtime violation","1","1","","","","2017-01-20T03:20:29","Carla Buchanan"
"","","closed","4.0","Crayon on walls","1","1","1","1","","2017-08-02T09:22:55","Eugene Gandhi"
"","","closed","1.0","Failure to feed a family pet","1","","","","","2017-11-03T05:04:33","Lucy Allen"
"","","closed","5.0","Throwing rocks (at people)","1","1","1","1","1","2017-06-13T04:04:51","Rich Rojas"
"","","closed","3.0","Anti-social behavior (unspecified)","1","1","1","","","2017-04-05T09:18:10","Felix Mclean"
"","","closed","2.0","Talking back to parents or other adults","1","1","","","","2017-09-13T05:17:28","Phillip Sheikh"
"","","closed","4.0","Aiding and abetting / accessory to another child's infraction","1","1","1","1","","2017-02-21T16:03:03","Ron Oneill"
"","","closed","3.0","Tantrum in public","1","1","1","","","2017-06-17T01:33:36","Chloe Allen"
"","","closed","5.0","Trying to ruin Christmas","1","1","1","1","1","2016-12-25T00:00:00","Dr. Who"
"","","closed","3.0","Petty candy larceny","1","1","1","","","2017-09-06T21:22:17","Deanna Richardson"
"","","closed","3.0","Petty candy larceny","1","1","1","","","2017-10-05T05:32:51","Christy Mcmillan"
"","","closed","5.0","Giving super atomic wedgies","1","1","1","1","1","2017-01-24T19:27:59","Wesley Morton"
"","","closed","4.0","Computer infraction: Accessing siblings files without permission","1","1","1","1","","2017-01-21T17:35:23","Fatima Moss"
"","","closed","4.0","Possession of unlicensed slingshot","1","1","1","1","","2017-01-18T21:08:32","Tina Humphrey"
"","","closed","1.0","Unauthorized access to cookie jar","1","","","","","2017-04-18T18:29:24","Karl Baldwin"
"","","closed","5.0","Naughty words","1","1","1","1","1","2017-01-18T18:24:35","Charlotte Rich"
"","","closed","5.0","Tantrum in public","1","1","1","1","1","2017-12-09T10:45:32","Gwen Hanson"
"","","closed","4.0","Possession of unlicensed slingshot","1","1","1","1","","2017-07-08T22:21:55","Sheri Lewis"
"","","closed","2.0","Playing ball in house","1","1","","","","2017-05-13T23:56:00","Brittney Frost"
"","","closed","4.0","Tantrum in public","1","1","1","1","","2017-10-27T04:16:27","Rod Ballard"
"","","closed","3.0","Computer infraction: Bypassing parental controls","1","1","1","","","2017-02-24T00:04:42","Lucas Raj"
"","","closed","4.0","Giving super atomic wedgies","1","1","1","1","","2017-04-13T15:19:19","Betsy Carr"
"","","closed","3.0","Failure to feed a family pet","1","1","1","","","2017-06-08T15:11:40","Amber Rao"
"","","closed","5.0","Aiding and abetting / accessory to another child's infraction","1","1","1","1","1","2017-10-22T18:09:44","Margie Hoffman"
"","","closed","2.0","Failure to feed a family pet","1","1","","","","2017-09-02T06:14:14","Shawn Arora"
"","","closed","1.0","Failure to feed a family pet","1","","","","","2017-06-18T12:22:49","Bonnie Roberts"
"","","closed","5.0","Naughty words","1","1","1","1","1","2017-11-15T14:46:57","Felix Mclean"
"","","closed","4.0","Computer infraction: Accessing siblings files without permission","1","1","1","1","","2017-01-11T03:04:28","Lucas Daly"
"","","closed","3.0","Computer infraction: Bypassing parental controls","1","1","1","","","2017-02-21T08:18:08","Jay Saunders"
"","","closed","2.0","Throwing rocks (non-person target)","1","1","","","","2017-05-06T10:02:52","Monica Roy"
"","","closed","4.0","Computer infraction: Accessing siblings files without permission","1","1","1","1","","2017-08-28T11:18:19","Darren Shrestha"
"","","closed","5.0","Tantrum in public","1","1","1","1","1","2017-07-07T01:24:58","Rod Ballard"
"","","closed","2.0","Tantrum in a private facility","1","1","","","","2017-05-02T19:02:34","Rich Rojas"
"","","closed","1.0","Aiding and abetting / accessory to another child's infraction","1","","","","","2017-06-23T09:04:41","Gene Cunningham"
"","","closed","2.0","Failure to feed a family pet","1","1","","","","2017-02-17T08:33:14","John Vaughn"
"","","closed","4.0","Computer infraction: Bypassing parental controls","1","1","1","1","","2017-10-09T18:55:47","Lori Mohamed"
"","","closed","3.0","Computer infraction: Bypassing parental controls","1","1","1","","","2017-01-17T07:44:50","Damian Bhardwaj"
"","","closed","1.0","Unauthorized access to cookie jar","1","","","","","2017-09-21T13:19:31","Allison Barton"
"","","closed","3.0","Throwing rocks (non-person target)","1","1","1","","","2017-11-15T21:55:22","Suzanne Hanna"
"","","closed","2.0","Throwing rocks (non-person target)","1","1","","","","2017-01-18T01:53:05","Molly Omar"
"","","closed","5.0","Throwing rocks (at people)","1","1","1","1","1","2017-02-26T01:11:40","Meagan Donovan"
"","","closed","2.0","Petty candy larceny","1","1","","","","2017-04-06T17:46:27","Jen David"
"","","closed","3.0","General sassing","1","1","1","","","2017-06-03T06:07:00","Joseph Salazar"
"","","closed","4.0","Crayon on walls","1","1","1","1","","2017-08-12T04:04:50","Ted Gould"
"","","closed","2.0","Tantrum in a private facility","1","1","","","","2017-07-16T05:57:16","Shelley Meyers"
"","","closed","3.0","Aiding and abetting / accessory to another child's infraction","1","1","1","","","2017-11-14T14:17:28","Junior Ferguson"
"","","closed","1.0","Aiding and abetting / accessory to another child's infraction","1","","","","","2017-09-03T09:39:56","Stacy Mcmahon"
"","","closed","3.0","Throwing rocks (non-person target)","1","1","1","","","2017-08-05T05:38:08","Randall Go"
"","","closed","4.0","Tantrum in public","1","1","1","1","","2017-01-10T11:31:43","Christy Srivastava"
"","","closed","4.0","Throwing rocks (non-person target)","1","1","1","1","","2017-03-05T18:36:32","Cindy Patrick"
"","","closed","4.0","Crayon on walls","1","1","1","1","","2017-03-27T03:30:41","Tracey Rowe"
"","","closed","3.0","Aiding and abetting / accessory to another child's infraction","1","1","1","","","2017-02-20T13:36:48","Jill Burke"
"","","closed","4.0","Naughty words","1","1","1","1","","2017-05-13T01:14:17","Damien Peter"
"","","closed","5.0","Playing with matches","1","1","1","1","1","2017-05-06T17:48:46","Cody Khalil"
"","","closed","3.0","General sassing","1","1","1","","","2017-06-28T22:15:37","Abigail Chavez"
"","","closed","3.0","Tantrum in a private facility","1","1","1","","","2017-02-08T13:31:15","Frank Chung"
"","","closed","2.0","Tantrum in a private facility","1","1","","","","2017-02-14T23:19:48","Lina Villa"
"","","closed","3.0","General sassing","1","1","1","","","2017-09-08T10:57:55","Mia Hartman"
"","","closed","5.0","Tantrum in a private facility","1","1","1","1","1","2015-12-25T00:00:00","Cindy Lou Who"
"","","closed","5.0","Tantrum in public","1","1","1","1","1","2017-09-06T14:25:37","Mostafa Carpenter"
"","","closed","4.0","Possession of unlicensed slingshot","1","1","1","1","","2017-11-21T21:21:40","Krystal Rios"
"","","closed","2.0","Tantrum in a private facility","1","1","","","","2017-11-01T17:51:31","Chase Siddiqui"
"","","closed","5.0","Throwing rocks (non-person target)","1","1","1","1","1","2017-06-08T13:44:21","Mel Matthews"
"","","closed","4.0","Throwing rocks (non-person target)","1","1","1","1","","2017-11-15T08:54:40","Francisco Villanueva"
"","","closed","3.0","Computer infraction: Bypassing parental controls","1","1","1","","","2017-01-04T09:26:50","Heidi Diaz"
"","","closed","3.0","Computer infraction: Bypassing parental controls","1","1","1","","","2017-04-23T00:25:37","Nadia Buchanan"
"","","closed","2.0","Tantrum in a private facility","1","1","","","","2017-09-03T15:11:14","Sara Mark"
"","","closed","2.0","Playing ball in house","1","1","","","","2017-12-12T08:31:17","Mohit Zimmerman"
"","","closed","4.0","Anti-social behavior (unspecified)","1","1","1","1","","2017-08-08T07:20:41","Missy Wilson"
"","","closed","4.0","Anti-social behavior (unspecified)","1","1","1","1","","2017-02-28T02:55:22","Sophia Aguilar"
"","","closed","3.0","Crayon on walls","1","1","1","","","2017-02-15T02:04:08","Roger Acosta"
"","","closed","4.0","Computer infraction: Bypassing parental controls","1","1","1","1","","2017-05-13T12:39:58","Marian Brewer"
"","","closed","3.0","Crayon on walls","1","1","1","","","2017-07-06T14:51:36","Sandeep Quinn"
"","","closed","5.0","Computer infraction: Accessing siblings files without permission","1","1","1","1","1","2017-02-14T01:03:53","Pam Chan"
"","","closed","5.0","Playing with matches","1","1","1","1","1","2017-09-19T14:46:09","Sunil Oliver"
"","","closed","4.0","Possession of unlicensed slingshot","1","1","1","1","","2017-11-14T15:26:26","Casey Walters"
"","","closed","5.0","Naughty words","1","1","1","1","1","2017-11-04T09:55:18","Isabel Williamson"
"","","closed","4.0","Naughty words","1","1","1","1","","2017-06-18T05:21:59","Sandy Rodriguez"
"","","closed","3.0","Crayon on walls","1","1","1","","","2017-10-10T15:55:21","Sabrina Lane"
"","","closed","1.0","Unauthorized access to cookie jar","1","","","","","2017-01-05T09:50:01","Jeffrey Oconnell"
"","","closed","3.0","Computer infraction: Bypassing parental controls","1","1","1","","","2017-12-02T23:32:59","Sheri Ahmed"
"","","closed","2.0","Bedtime violation","1","1","","","","2017-04-13T19:57:55","Arthur Gray"
"","","closed","5.0","Throwing rocks (at people)","1","1","1","1","1","2017-01-04T12:55:04","Boq Questrian"
"","","closed","5.0","Giving super atomic wedgies","1","1","1","1","1","2017-06-16T16:14:28","Tracey Rowe"
"","","closed","5.0","Anti-social behavior (unspecified)","1","1","1","1","1","2015-12-25T00:00:00","Cindy Lou Who"
"","","closed","5.0","Naughty words","1","1","1","1","1","2017-08-18T02:48:57","Miriam Fox"
"","","closed","1.0","Throwing rocks (non-person target)","1","","","","","2017-05-08T08:55:37","Maurice Delgado"
"","","closed","4.0","Giving super atomic wedgies","1","1","1","1","","2017-08-25T16:29:38","Kat George"
"","","closed","2.0","Unauthorized access to cookie jar","1","1","","","","2017-11-22T14:49:01","Lori Mohamed"
"","","closed","5.0","Possession of unlicensed slingshot","1","1","1","1","1","2017-02-22T23:26:40","Bini Aru"
"","","closed","3.0","Tantrum in public","1","1","1","","","2017-08-04T09:17:22","Mark Frank"
"","","closed","5.0","Computer infraction: Accessing siblings files without permission","1","1","1","1","1","2017-06-17T12:21:08","Marian Kent"
"","","closed","4.0","Possession of unlicensed slingshot","1","1","1","1","","2017-12-02T00:33:54","Nina Fitzgerald"
"","","closed","5.0","Throwing rocks (at people)","1","1","1","1","1","2017-06-15T13:31:15","Kirsty Evans"
"","","closed","2.0","Unauthorized access to cookie jar","1","1","","","","2017-04-18T21:00:05","Alice Brock"
"","","closed","2.0","Failure to feed a family pet","1","1","","","","2017-06-08T13:19:19","Noah Maher"
"","","closed","3.0","Tantrum in a private facility","1","1","1","","","2017-12-26T07:42:41","Lee Bowers"
"","","closed","2.0","Tantrum in a private facility","1","1","","","","2017-07-04T23:37:30","Miriam Graham"
"","","closed","3.0","Crayon on walls","1","1","1","","","2017-04-13T13:04:15","Mina Teo"
"","","closed","5.0","Giving super atomic wedgies","1","1","1","1","1","2017-11-11T21:56:18","Erin Tran"
"","","closed","3.0","Tantrum in a private facility","1","1","1","","","2017-03-20T21:35:09","Rachelle Brewer"
"","","closed","5.0","Naughty words","1","1","1","1","1","2017-12-13T23:58:32","Joy Chandler"
"","","closed","4.0","Naughty words","1","1","1","1","","2017-11-08T04:45:55","Johan Oconnor"
"","","closed","1.0","Unauthorized access to cookie jar","1","","","","","2017-02-01T06:06:04","Lance Bautista"
"","","closed","3.0","Crayon on walls","1","1","1","","","2017-12-25T10:23:07","Mostafa Bell"
"","","closed","3.0","Tantrum in public","1","1","1","","","2017-10-16T10:53:27","Katy Bond"
"","","closed","5.0","Throwing rocks (non-person target)","1","1","1","1","1","2017-08-04T13:23:58","Mohd Guy"
"","","closed","1.0","Failure to feed a family pet","1","","","","","2017-03-17T03:15:50","Craig John"
"","","closed","3.0","Talking back to parents or other adults","1","1","1","","","2017-10-24T16:36:43","Anthony Chin"
"","","closed","3.0","Tantrum in public","1","1","1","","","2017-10-18T19:56:25","Teri Tolentino"
"","","closed","5.0","Naughty words","1","1","1","1","1","2017-07-10T14:44:08","Vikas Barker"
"","","closed","5.0","Trying to ruin Christmas","1","1","1","1","1","2015-12-25T00:00:00","Cindy Lou Who"
"","","closed","5.0","Tantrum in public","1","1","1","1","1","2017-06-01T11:07:03","Nur Anthony"
"","","closed","2.0","Throwing rocks (non-person target)","1","1","","","","2017-09-10T17:40:01","Juanita Thompson"
"","","closed","2.0","Talking back to parents or other adults","1","1","","","","2017-05-13T23:15:42","Nitin Ma"
"","","closed","1.0","Petty candy larceny","1","","","","","2017-11-27T16:02:29","Michelle Leach"
"","","closed","2.0","Throwing rocks (non-person target)","1","1","","","","2017-01-14T15:46:38","Damien Norton"
"","","closed","3.0","General sassing","1","1","1","","","2017-06-07T07:37:50","Chloe Moran"
"","","closed","3.0","Talking back to parents or other adults","1","1","1","","","2017-10-02T22:28:25","Pierre Poole"
"","","closed","2.0","Failure to feed a family pet","1","1","","","","2017-06-09T05:20:41","Max Solomon"
